sex,sibsp,sib_n_count_died,total_sibsp,perc_died,perc_surv
female,0,65,262,0.248091603,0.751908397
female,1,40,160,0.25,0.75
female,3,7,12,0.583333333,0.416666667
female,4,5,7,0.714285714,0.285714286
female,2,4,19,0.210526316,0.789473684
female,8,4,4,1,0
female,5,2,2,1,0
male,0,517,629,0.821939587,0.178060413
male,1,116,159,0.729559748,0.270440252
male,2,19,23,0.826086957,0.173913043
male,4,14,15,0.933333333,0.066666667
male,3,7,8,0.875,0.125
male,8,5,5,1,0
male,5,4,4,1,0
